Timestamp,Motion,Device
1610172148,0,c0:98:e5:42:01:07
1610174464,1,c0:98:e5:42:01:07
1610174484,0,c0:98:e5:42:01:07
1610174488,1,c0:98:e5:42:01:07
1610174504,0,c0:98:e5:42:01:07
1610174505,1,c0:98:e5:42:01:07
1610174511,0,c0:98:e5:42:01:07
1610174511,1,c0:98:e5:42:01:07
1610174515,0,c0:98:e5:42:01:07
1610174517,1,c0:98:e5:42:01:07
1610174541,0,c0:98:e5:42:01:07
1610174738,1,c0:98:e5:42:01:07
1610174746,0,c0:98:e5:42:01:07
1610174747,1,c0:98:e5:42:01:07
1610174754,0,c0:98:e5:42:01:07
1610174757,1,c0:98:e5:42:01:07
1610174764,0,c0:98:e5:42:01:07
1610174960,1,c0:98:e5:42:01:07
1610174965,0,c0:98:e5:42:01:07
1610174973,1,c0:98:e5:42:01:07
1610174980,0,c0:98:e5:42:01:07
1610174981,1,c0:98:e5:42:01:07
1610174985,0,c0:98:e5:42:01:07
1610175002,1,c0:98:e5:42:01:07
1610175006,0,c0:98:e5:42:01:07
1610175015,1,c0:98:e5:42:01:07
1610175023,0,c0:98:e5:42:01:07
1610175041,1,c0:98:e5:42:01:07
1610175046,0,c0:98:e5:42:01:07
1610175074,1,c0:98:e5:42:01:07
1610175080,0,c0:98:e5:42:01:07
1610175081,1,c0:98:e5:42:01:07
1610175091,0,c0:98:e5:42:01:07
1610175101,1,c0:98:e5:42:01:07
1610175104,0,c0:98:e5:42:01:07
1610175129,1,c0:98:e5:42:01:07
1610175132,0,c0:98:e5:42:01:07
1610175188,1,c0:98:e5:42:01:07
1610175191,0,c0:98:e5:42:01:07
1610175250,1,c0:98:e5:42:01:07
1610175255,0,c0:98:e5:42:01:07
1610175258,1,c0:98:e5:42:01:07
1610175268,0,c0:98:e5:42:01:07
1610175325,1,c0:98:e5:42:01:07
1610175329,0,c0:98:e5:42:01:07
1610175336,1,c0:98:e5:42:01:07
1610175340,0,c0:98:e5:42:01:07
1610175344,1,c0:98:e5:42:01:07
1610175348,0,c0:98:e5:42:01:07
1610175357,1,c0:98:e5:42:01:07
1610175364,0,c0:98:e5:42:01:07
1610175373,1,c0:98:e5:42:01:07
1610175377,0,c0:98:e5:42:01:07
1610175400,1,c0:98:e5:42:01:07
1610175404,0,c0:98:e5:42:01:07
1610175450,1,c0:98:e5:42:01:07
1610175455,0,c0:98:e5:42:01:07
1610175594,1,c0:98:e5:42:01:07
1610175599,0,c0:98:e5:42:01:07
1610175854,1,c0:98:e5:42:01:07
1610175859,0,c0:98:e5:42:01:07
1610175981,1,c0:98:e5:42:01:07
1610175985,0,c0:98:e5:42:01:07
1610176082,1,c0:98:e5:42:01:07
1610176086,0,c0:98:e5:42:01:07
1610176115,1,c0:98:e5:42:01:07
1610176119,0,c0:98:e5:42:01:07
1610176148,1,c0:98:e5:42:01:07
1610176152,0,c0:98:e5:42:01:07
1610176205,1,c0:98:e5:42:01:07
1610176208,0,c0:98:e5:42:01:07
1610176215,1,c0:98:e5:42:01:07
1610176218,0,c0:98:e5:42:01:07
1610176228,1,c0:98:e5:42:01:07
1610176231,0,c0:98:e5:42:01:07
1610176234,1,c0:98:e5:42:01:07
1610176239,0,c0:98:e5:42:01:07
1610176540,1,c0:98:e5:42:01:07
1610176544,0,c0:98:e5:42:01:07
1610176561,1,c0:98:e5:42:01:07
1610176564,0,c0:98:e5:42:01:07
1610176610,1,c0:98:e5:42:01:07
1610176614,0,c0:98:e5:42:01:07
1610176752,1,c0:98:e5:42:01:07
1610176756,0,c0:98:e5:42:01:07
1610176762,1,c0:98:e5:42:01:07
1610176766,0,c0:98:e5:42:01:07
1610176881,1,c0:98:e5:42:01:07
1610176886,0,c0:98:e5:42:01:07
1610176887,1,c0:98:e5:42:01:07
1610176893,0,c0:98:e5:42:01:07
1610176944,1,c0:98:e5:42:01:07
1610176951,0,c0:98:e5:42:01:07
1610176957,1,c0:98:e5:42:01:07
1610176961,0,c0:98:e5:42:01:07
1610177012,1,c0:98:e5:42:01:07
1610177018,0,c0:98:e5:42:01:07
1610177022,1,c0:98:e5:42:01:07
1610177027,0,c0:98:e5:42:01:07
1610177069,1,c0:98:e5:42:01:07
1610177073,0,c0:98:e5:42:01:07
1610177085,1,c0:98:e5:42:01:07
1610177089,0,c0:98:e5:42:01:07
1610177163,1,c0:98:e5:42:01:07
1610177168,0,c0:98:e5:42:01:07
1610177169,1,c0:98:e5:42:01:07
1610177175,0,c0:98:e5:42:01:07
1610177790,1,c0:98:e5:42:01:07
1610177793,0,c0:98:e5:42:01:07
1610177907,1,c0:98:e5:42:01:07
1610177913,0,c0:98:e5:42:01:07
1610177917,1,c0:98:e5:42:01:07
1610177921,0,c0:98:e5:42:01:07
1610178430,1,c0:98:e5:42:01:07
1610178433,0,c0:98:e5:42:01:07
1610178530,1,c0:98:e5:42:01:07
1610178534,1,c0:98:e5:42:01:07
1610178534,0,c0:98:e5:42:01:07
1610178542,0,c0:98:e5:42:01:07
1610178542,1,c0:98:e5:42:01:07
1610178553,0,c0:98:e5:42:01:07
1610178555,1,c0:98:e5:42:01:07
1610178559,0,c0:98:e5:42:01:07
1610178638,1,c0:98:e5:42:01:07
1610178641,0,c0:98:e5:42:01:07
1610178662,1,c0:98:e5:42:01:07
1610178668,0,c0:98:e5:42:01:07
1610178687,1,c0:98:e5:42:01:07
1610178695,0,c0:98:e5:42:01:07
1610178769,1,c0:98:e5:42:01:07
1610178772,0,c0:98:e5:42:01:07
1610178794,1,c0:98:e5:42:01:07
1610178799,0,c0:98:e5:42:01:07
1610178828,1,c0:98:e5:42:01:07
1610178832,0,c0:98:e5:42:01:07
1610178834,1,c0:98:e5:42:01:07
1610178837,0,c0:98:e5:42:01:07
1610179251,1,c0:98:e5:42:01:07
1610179262,0,c0:98:e5:42:01:07
1610179278,1,c0:98:e5:42:01:07
1610179282,0,c0:98:e5:42:01:07
1610179287,1,c0:98:e5:42:01:07
1610179290,0,c0:98:e5:42:01:07
1610179344,1,c0:98:e5:42:01:07
1610179349,0,c0:98:e5:42:01:07
1610179507,1,c0:98:e5:42:01:07
1610179509,0,c0:98:e5:42:01:07
1610179712,1,c0:98:e5:42:01:07
1610179717,0,c0:98:e5:42:01:07
1610179737,1,c0:98:e5:42:01:07
1610179743,0,c0:98:e5:42:01:07
1610179749,1,c0:98:e5:42:01:07
1610179753,0,c0:98:e5:42:01:07
1610179754,1,c0:98:e5:42:01:07
1610179758,0,c0:98:e5:42:01:07
1610179785,1,c0:98:e5:42:01:07
1610179790,0,c0:98:e5:42:01:07
1610179851,1,c0:98:e5:42:01:07
1610179856,0,c0:98:e5:42:01:07
1610179913,1,c0:98:e5:42:01:07
1610179916,0,c0:98:e5:42:01:07
1610179942,1,c0:98:e5:42:01:07
1610179950,0,c0:98:e5:42:01:07
1610179953,1,c0:98:e5:42:01:07
1610179960,0,c0:98:e5:42:01:07
1610179964,1,c0:98:e5:42:01:07
1610179970,0,c0:98:e5:42:01:07
1610180111,1,c0:98:e5:42:01:07
1610180114,0,c0:98:e5:42:01:07
1610180245,1,c0:98:e5:42:01:07
1610180250,0,c0:98:e5:42:01:07
1610180288,1,c0:98:e5:42:01:07
1610180292,0,c0:98:e5:42:01:07
1610180329,1,c0:98:e5:42:01:07
1610180334,0,c0:98:e5:42:01:07
1610180344,1,c0:98:e5:42:01:07
1610180347,0,c0:98:e5:42:01:07
1610180348,1,c0:98:e5:42:01:07
1610180365,0,c0:98:e5:42:01:07
1610180370,1,c0:98:e5:42:01:07
1610180373,0,c0:98:e5:42:01:07
1610180374,1,c0:98:e5:42:01:07
1610180378,0,c0:98:e5:42:01:07
1610180378,1,c0:98:e5:42:01:07
1610180385,0,c0:98:e5:42:01:07
1610180386,1,c0:98:e5:42:01:07
1610180391,0,c0:98:e5:42:01:07
1610180412,1,c0:98:e5:42:01:07
1610180414,0,c0:98:e5:42:01:07
1610180434,1,c0:98:e5:42:01:07
1610180437,0,c0:98:e5:42:01:07
1610180685,1,c0:98:e5:42:01:07
1610180689,0,c0:98:e5:42:01:07
1610180700,1,c0:98:e5:42:01:07
1610180704,0,c0:98:e5:42:01:07
1610180727,1,c0:98:e5:42:01:07
1610180730,0,c0:98:e5:42:01:07
1610180783,1,c0:98:e5:42:01:07
1610180788,0,c0:98:e5:42:01:07
1610180855,1,c0:98:e5:42:01:07
1610180859,0,c0:98:e5:42:01:07
1610180860,1,c0:98:e5:42:01:07
1610180870,0,c0:98:e5:42:01:07
1610180872,1,c0:98:e5:42:01:07
1610180875,0,c0:98:e5:42:01:07
1610180896,1,c0:98:e5:42:01:07
1610180901,0,c0:98:e5:42:01:07
1610181105,1,c0:98:e5:42:01:07
1610181109,0,c0:98:e5:42:01:07
1610181132,1,c0:98:e5:42:01:07
1610181137,0,c0:98:e5:42:01:07
1610181142,1,c0:98:e5:42:01:07
1610181145,0,c0:98:e5:42:01:07
1610181146,1,c0:98:e5:42:01:07
1610181150,0,c0:98:e5:42:01:07
1610181320,1,c0:98:e5:42:01:07
1610181327,0,c0:98:e5:42:01:07
1610181490,1,c0:98:e5:42:01:07
1610181494,0,c0:98:e5:42:01:07
1610181495,1,c0:98:e5:42:01:07
1610181500,0,c0:98:e5:42:01:07
1610181985,1,c0:98:e5:42:01:07
1610181987,0,c0:98:e5:42:01:07
1610182000,1,c0:98:e5:42:01:07
1610182004,0,c0:98:e5:42:01:07
1610182019,1,c0:98:e5:42:01:07
1610182021,0,c0:98:e5:42:01:07
1610182026,1,c0:98:e5:42:01:07
1610182029,0,c0:98:e5:42:01:07
1610182031,1,c0:98:e5:42:01:07
1610182034,0,c0:98:e5:42:01:07
1610182035,1,c0:98:e5:42:01:07
1610182039,0,c0:98:e5:42:01:07
1610182046,1,c0:98:e5:42:01:07
1610182053,0,c0:98:e5:42:01:07
1610182054,1,c0:98:e5:42:01:07
1610182058,0,c0:98:e5:42:01:07
1610182093,1,c0:98:e5:42:01:07
1610182099,0,c0:98:e5:42:01:07
1610182111,1,c0:98:e5:42:01:07
1610182114,0,c0:98:e5:42:01:07
1610182248,1,c0:98:e5:42:01:07
1610182253,0,c0:98:e5:42:01:07
1610182306,1,c0:98:e5:42:01:07
1610182314,0,c0:98:e5:42:01:07
1610182317,1,c0:98:e5:42:01:07
1610182322,0,c0:98:e5:42:01:07
1610182340,1,c0:98:e5:42:01:07
1610182345,0,c0:98:e5:42:01:07
1610182449,1,c0:98:e5:42:01:07
1610182455,0,c0:98:e5:42:01:07
1610182509,1,c0:98:e5:42:01:07
1610182521,0,c0:98:e5:42:01:07
1610182522,1,c0:98:e5:42:01:07
1610182528,0,c0:98:e5:42:01:07
1610182532,1,c0:98:e5:42:01:07
1610182536,0,c0:98:e5:42:01:07
1610182588,1,c0:98:e5:42:01:07
1610182591,0,c0:98:e5:42:01:07
1610182592,1,c0:98:e5:42:01:07
1610182596,0,c0:98:e5:42:01:07
1610182602,1,c0:98:e5:42:01:07
1610182616,0,c0:98:e5:42:01:07
1610182686,1,c0:98:e5:42:01:07
1610182692,0,c0:98:e5:42:01:07
1610182693,1,c0:98:e5:42:01:07
1610182697,0,c0:98:e5:42:01:07
1610182704,1,c0:98:e5:42:01:07
1610182708,0,c0:98:e5:42:01:07
1610182811,1,c0:98:e5:42:01:07
1610182815,0,c0:98:e5:42:01:07
1610183148,1,c0:98:e5:42:01:07
1610183152,0,c0:98:e5:42:01:07
1610183158,1,c0:98:e5:42:01:07
1610183164,0,c0:98:e5:42:01:07
1610183210,1,c0:98:e5:42:01:07
1610183214,0,c0:98:e5:42:01:07
1610183266,1,c0:98:e5:42:01:07
1610183269,0,c0:98:e5:42:01:07
1610183366,1,c0:98:e5:42:01:07
1610183374,0,c0:98:e5:42:01:07
1610183384,1,c0:98:e5:42:01:07
1610183386,0,c0:98:e5:42:01:07
1610183389,1,c0:98:e5:42:01:07
1610183395,0,c0:98:e5:42:01:07
1610183408,1,c0:98:e5:42:01:07
1610183413,0,c0:98:e5:42:01:07
1610183419,1,c0:98:e5:42:01:07
1610183423,0,c0:98:e5:42:01:07
1610183436,1,c0:98:e5:42:01:07
1610183440,0,c0:98:e5:42:01:07
1610183501,1,c0:98:e5:42:01:07
1610183504,0,c0:98:e5:42:01:07
1610183510,1,c0:98:e5:42:01:07
1610183514,0,c0:98:e5:42:01:07
1610183517,1,c0:98:e5:42:01:07
1610183524,0,c0:98:e5:42:01:07
1610183697,1,c0:98:e5:42:01:07
1610183701,0,c0:98:e5:42:01:07
1610183766,1,c0:98:e5:42:01:07
1610183770,0,c0:98:e5:42:01:07
1610183885,1,c0:98:e5:42:01:07
1610183888,0,c0:98:e5:42:01:07
1610183891,1,c0:98:e5:42:01:07
1610183895,0,c0:98:e5:42:01:07
1610183896,1,c0:98:e5:42:01:07
1610183903,0,c0:98:e5:42:01:07
1610183907,1,c0:98:e5:42:01:07
1610183910,0,c0:98:e5:42:01:07
1610185520,1,c0:98:e5:42:01:07
1610185527,0,c0:98:e5:42:01:07
1610185565,1,c0:98:e5:42:01:07
1610185567,0,c0:98:e5:42:01:07
1610185582,1,c0:98:e5:42:01:07
1610185586,0,c0:98:e5:42:01:07
1610185650,1,c0:98:e5:42:01:07
1610185654,0,c0:98:e5:42:01:07
1610185659,1,c0:98:e5:42:01:07
1610185661,0,c0:98:e5:42:01:07
1610185663,1,c0:98:e5:42:01:07
1610185666,0,c0:98:e5:42:01:07
1610185669,1,c0:98:e5:42:01:07
1610185679,0,c0:98:e5:42:01:07
1610185679,1,c0:98:e5:42:01:07
1610185686,0,c0:98:e5:42:01:07
1610185689,1,c0:98:e5:42:01:07
1610185697,0,c0:98:e5:42:01:07
1610185737,1,c0:98:e5:42:01:07
1610185739,0,c0:98:e5:42:01:07
1610185754,1,c0:98:e5:42:01:07
1610185758,0,c0:98:e5:42:01:07
1610187117,1,c0:98:e5:42:01:07
1610187125,0,c0:98:e5:42:01:07
1610187148,1,c0:98:e5:42:01:07
1610187150,0,c0:98:e5:42:01:07
1610187191,1,c0:98:e5:42:01:07
1610187196,0,c0:98:e5:42:01:07
1610187196,1,c0:98:e5:42:01:07
1610187200,0,c0:98:e5:42:01:07
1610187602,1,c0:98:e5:42:01:07
1610187617,0,c0:98:e5:42:01:07
1610187620,1,c0:98:e5:42:01:07
1610187625,0,c0:98:e5:42:01:07
1610187628,1,c0:98:e5:42:01:07
1610187634,0,c0:98:e5:42:01:07
1610187657,1,c0:98:e5:42:01:07
1610187660,0,c0:98:e5:42:01:07
1610187703,1,c0:98:e5:42:01:07
1610187709,0,c0:98:e5:42:01:07
1610187713,1,c0:98:e5:42:01:07
1610187718,0,c0:98:e5:42:01:07
1610187725,1,c0:98:e5:42:01:07
1610187731,0,c0:98:e5:42:01:07
1610187749,1,c0:98:e5:42:01:07
1610187753,0,c0:98:e5:42:01:07
1610187755,1,c0:98:e5:42:01:07
1610187758,0,c0:98:e5:42:01:07
1610187759,1,c0:98:e5:42:01:07
1610187763,0,c0:98:e5:42:01:07
1610188041,1,c0:98:e5:42:01:07
1610188055,0,c0:98:e5:42:01:07
1610188136,1,c0:98:e5:42:01:07
1610188142,0,c0:98:e5:42:01:07
1610188190,1,c0:98:e5:42:01:07
1610188194,0,c0:98:e5:42:01:07
1610188201,1,c0:98:e5:42:01:07
1610188206,0,c0:98:e5:42:01:07
1610188207,1,c0:98:e5:42:01:07
1610188211,0,c0:98:e5:42:01:07
1610188364,1,c0:98:e5:42:01:07
1610188368,0,c0:98:e5:42:01:07
1610188379,1,c0:98:e5:42:01:07
1610188383,0,c0:98:e5:42:01:07
1610188408,1,c0:98:e5:42:01:07
1610188411,0,c0:98:e5:42:01:07
1610188419,1,c0:98:e5:42:01:07
1610188421,0,c0:98:e5:42:01:07
1610188460,1,c0:98:e5:42:01:07
1610188468,0,c0:98:e5:42:01:07
1610188471,1,c0:98:e5:42:01:07
1610188476,0,c0:98:e5:42:01:07
1610188476,1,c0:98:e5:42:01:07
1610188483,0,c0:98:e5:42:01:07
1610188619,1,c0:98:e5:42:01:07
1610188622,0,c0:98:e5:42:01:07
1610188705,1,c0:98:e5:42:01:07
1610188712,0,c0:98:e5:42:01:07
1610188716,1,c0:98:e5:42:01:07
1610188720,0,c0:98:e5:42:01:07
1610188750,1,c0:98:e5:42:01:07
1610188753,0,c0:98:e5:42:01:07
1610188863,1,c0:98:e5:42:01:07
1610188868,0,c0:98:e5:42:01:07
1610188891,1,c0:98:e5:42:01:07
1610188894,0,c0:98:e5:42:01:07
1610188972,1,c0:98:e5:42:01:07
1610188977,0,c0:98:e5:42:01:07
1610188978,1,c0:98:e5:42:01:07
1610188981,0,c0:98:e5:42:01:07
1610189130,1,c0:98:e5:42:01:07
1610189133,0,c0:98:e5:42:01:07
1610189138,1,c0:98:e5:42:01:07
1610189143,0,c0:98:e5:42:01:07
1610189152,1,c0:98:e5:42:01:07
1610189155,0,c0:98:e5:42:01:07
1610189227,1,c0:98:e5:42:01:07
1610189229,0,c0:98:e5:42:01:07
1610189230,1,c0:98:e5:42:01:07
1610189235,0,c0:98:e5:42:01:07
1610189351,1,c0:98:e5:42:01:07
1610189355,0,c0:98:e5:42:01:07
1610189391,1,c0:98:e5:42:01:07
1610189396,1,c0:98:e5:42:01:07
1610189396,0,c0:98:e5:42:01:07
1610189401,0,c0:98:e5:42:01:07
1610189411,1,c0:98:e5:42:01:07
1610189413,0,c0:98:e5:42:01:07
1610189425,1,c0:98:e5:42:01:07
1610189429,0,c0:98:e5:42:01:07
1610190489,1,c0:98:e5:42:01:07
1610190492,0,c0:98:e5:42:01:07
1610190496,1,c0:98:e5:42:01:07
1610190500,0,c0:98:e5:42:01:07
1610190513,1,c0:98:e5:42:01:07
1610190518,0,c0:98:e5:42:01:07
1610190536,1,c0:98:e5:42:01:07
1610190541,0,c0:98:e5:42:01:07
1610190612,1,c0:98:e5:42:01:07
1610190617,0,c0:98:e5:42:01:07
1610190660,1,c0:98:e5:42:01:07
1610190664,0,c0:98:e5:42:01:07
1610190720,1,c0:98:e5:42:01:07
1610190726,0,c0:98:e5:42:01:07
1610190769,1,c0:98:e5:42:01:07
1610190772,0,c0:98:e5:42:01:07
1610190803,1,c0:98:e5:42:01:07
1610190808,0,c0:98:e5:42:01:07
1610190811,1,c0:98:e5:42:01:07
1610190816,0,c0:98:e5:42:01:07
1610190853,1,c0:98:e5:42:01:07
1610190858,0,c0:98:e5:42:01:07
1610190925,1,c0:98:e5:42:01:07
1610190944,0,c0:98:e5:42:01:07
1610190945,1,c0:98:e5:42:01:07
1610190951,0,c0:98:e5:42:01:07
1610190955,1,c0:98:e5:42:01:07
1610190960,0,c0:98:e5:42:01:07
1610190965,1,c0:98:e5:42:01:07
1610190970,0,c0:98:e5:42:01:07
1610190971,1,c0:98:e5:42:01:07
1610190975,0,c0:98:e5:42:01:07
1610190976,1,c0:98:e5:42:01:07
1610190987,0,c0:98:e5:42:01:07
1610190991,1,c0:98:e5:42:01:07
1610190995,0,c0:98:e5:42:01:07
1610191012,1,c0:98:e5:42:01:07
1610191015,0,c0:98:e5:42:01:07
1610191028,1,c0:98:e5:42:01:07
1610191034,0,c0:98:e5:42:01:07
1610191035,1,c0:98:e5:42:01:07
1610191039,0,c0:98:e5:42:01:07
1610191042,1,c0:98:e5:42:01:07
1610191046,0,c0:98:e5:42:01:07
1610191051,1,c0:98:e5:42:01:07
1610191056,0,c0:98:e5:42:01:07
1610191063,1,c0:98:e5:42:01:07
1610191066,0,c0:98:e5:42:01:07
1610191070,1,c0:98:e5:42:01:07
1610191074,0,c0:98:e5:42:01:07
1610191086,1,c0:98:e5:42:01:07
1610191092,0,c0:98:e5:42:01:07
1610191191,1,c0:98:e5:42:01:07
1610191194,0,c0:98:e5:42:01:07
1610191294,1,c0:98:e5:42:01:07
1610191298,0,c0:98:e5:42:01:07
1610191347,1,c0:98:e5:42:01:07
1610191350,0,c0:98:e5:42:01:07
1610191380,1,c0:98:e5:42:01:07
1610191385,0,c0:98:e5:42:01:07
1610191399,1,c0:98:e5:42:01:07
1610191403,0,c0:98:e5:42:01:07
1610191509,1,c0:98:e5:42:01:07
1610191512,0,c0:98:e5:42:01:07
1610191524,1,c0:98:e5:42:01:07
1610191527,0,c0:98:e5:42:01:07
1610191566,1,c0:98:e5:42:01:07
1610191571,0,c0:98:e5:42:01:07
1610191584,1,c0:98:e5:42:01:07
1610191588,0,c0:98:e5:42:01:07
1610191751,1,c0:98:e5:42:01:07
1610191754,0,c0:98:e5:42:01:07
1610192039,1,c0:98:e5:42:01:07
1610192047,0,c0:98:e5:42:01:07
1610192094,1,c0:98:e5:42:01:07
1610192099,0,c0:98:e5:42:01:07
1610192375,1,c0:98:e5:42:01:07
1610192378,0,c0:98:e5:42:01:07
1610192465,1,c0:98:e5:42:01:07
1610192468,0,c0:98:e5:42:01:07
1610192483,1,c0:98:e5:42:01:07
1610192506,0,c0:98:e5:42:01:07
1610192507,1,c0:98:e5:42:01:07
1610192517,0,c0:98:e5:42:01:07
1610192517,1,c0:98:e5:42:01:07
1610192523,0,c0:98:e5:42:01:07
1610192625,1,c0:98:e5:42:01:07
1610192628,0,c0:98:e5:42:01:07
1610192687,1,c0:98:e5:42:01:07
1610192693,0,c0:98:e5:42:01:07
1610192703,1,c0:98:e5:42:01:07
1610192710,0,c0:98:e5:42:01:07
1610192737,1,c0:98:e5:42:01:07
1610192741,0,c0:98:e5:42:01:07
1610192807,1,c0:98:e5:42:01:07
1610192812,0,c0:98:e5:42:01:07
1610192870,1,c0:98:e5:42:01:07
1610192878,0,c0:98:e5:42:01:07
1610192882,1,c0:98:e5:42:01:07
1610192893,0,c0:98:e5:42:01:07
1610192960,1,c0:98:e5:42:01:07
1610192968,0,c0:98:e5:42:01:07
1610193017,1,c0:98:e5:42:01:07
1610193022,0,c0:98:e5:42:01:07
1610193040,1,c0:98:e5:42:01:07
1610193059,0,c0:98:e5:42:01:07
1610193069,1,c0:98:e5:42:01:07
1610193087,0,c0:98:e5:42:01:07
1610193093,1,c0:98:e5:42:01:07
1610193101,0,c0:98:e5:42:01:07
1610193102,1,c0:98:e5:42:01:07
1610193106,0,c0:98:e5:42:01:07
1610193108,1,c0:98:e5:42:01:07
1610193112,0,c0:98:e5:42:01:07
1610193120,1,c0:98:e5:42:01:07
1610193125,0,c0:98:e5:42:01:07
1610193132,1,c0:98:e5:42:01:07
1610193137,0,c0:98:e5:42:01:07
1610193140,1,c0:98:e5:42:01:07
1610193164,0,c0:98:e5:42:01:07
1610193170,1,c0:98:e5:42:01:07
1610193197,0,c0:98:e5:42:01:07
1610193199,1,c0:98:e5:42:01:07
1610193216,0,c0:98:e5:42:01:07
1610193227,1,c0:98:e5:42:01:07
1610193230,0,c0:98:e5:42:01:07
1610193231,1,c0:98:e5:42:01:07
1610193244,0,c0:98:e5:42:01:07
1610193248,1,c0:98:e5:42:01:07
1610193263,0,c0:98:e5:42:01:07
1610193278,1,c0:98:e5:42:01:07
1610193290,0,c0:98:e5:42:01:07
1610193309,1,c0:98:e5:42:01:07
1610193332,0,c0:98:e5:42:01:07
1610193362,1,c0:98:e5:42:01:07
1610193370,0,c0:98:e5:42:01:07
1610193373,1,c0:98:e5:42:01:07
1610193377,0,c0:98:e5:42:01:07
1610193401,1,c0:98:e5:42:01:07
1610193409,0,c0:98:e5:42:01:07
1610193410,1,c0:98:e5:42:01:07
1610193414,0,c0:98:e5:42:01:07
1610193415,1,c0:98:e5:42:01:07
1610193424,0,c0:98:e5:42:01:07
1610193444,1,c0:98:e5:42:01:07
1610193448,0,c0:98:e5:42:01:07
1610193454,1,c0:98:e5:42:01:07
1610193461,0,c0:98:e5:42:01:07
1610193570,1,c0:98:e5:42:01:07
1610193578,0,c0:98:e5:42:01:07
1610193585,1,c0:98:e5:42:01:07
1610193590,0,c0:98:e5:42:01:07
1610193616,1,c0:98:e5:42:01:07
1610193619,0,c0:98:e5:42:01:07
1610193717,1,c0:98:e5:42:01:07
1610193722,0,c0:98:e5:42:01:07
1610193736,1,c0:98:e5:42:01:07
1610193740,0,c0:98:e5:42:01:07
1610193746,1,c0:98:e5:42:01:07
1610193751,0,c0:98:e5:42:01:07
1610193765,1,c0:98:e5:42:01:07
1610193769,0,c0:98:e5:42:01:07
1610193816,1,c0:98:e5:42:01:07
1610193820,0,c0:98:e5:42:01:07
1610193854,1,c0:98:e5:42:01:07
1610193859,0,c0:98:e5:42:01:07
1610193909,1,c0:98:e5:42:01:07
1610193912,0,c0:98:e5:42:01:07
1610193934,1,c0:98:e5:42:01:07
1610193940,0,c0:98:e5:42:01:07
1610193972,1,c0:98:e5:42:01:07
1610193974,0,c0:98:e5:42:01:07
1610193996,1,c0:98:e5:42:01:07
1610193999,0,c0:98:e5:42:01:07
1610194014,1,c0:98:e5:42:01:07
1610194017,0,c0:98:e5:42:01:07
1610194019,1,c0:98:e5:42:01:07
1610194024,0,c0:98:e5:42:01:07
1610194117,1,c0:98:e5:42:01:07
1610194135,0,c0:98:e5:42:01:07
1610194136,1,c0:98:e5:42:01:07
1610194140,0,c0:98:e5:42:01:07
1610194145,1,c0:98:e5:42:01:07
1610194152,0,c0:98:e5:42:01:07
1610194155,1,c0:98:e5:42:01:07
1610194159,0,c0:98:e5:42:01:07
1610194175,1,c0:98:e5:42:01:07
1610194181,0,c0:98:e5:42:01:07
1610194205,1,c0:98:e5:42:01:07
1610194209,0,c0:98:e5:42:01:07
1610194213,1,c0:98:e5:42:01:07
1610194219,0,c0:98:e5:42:01:07
1610194244,1,c0:98:e5:42:01:07
1610194247,0,c0:98:e5:42:01:07
1610194255,1,c0:98:e5:42:01:07
1610194264,0,c0:98:e5:42:01:07
1610194267,1,c0:98:e5:42:01:07
1610194270,0,c0:98:e5:42:01:07
1610194282,1,c0:98:e5:42:01:07
1610194289,0,c0:98:e5:42:01:07
1610194483,1,c0:98:e5:42:01:07
1610194487,0,c0:98:e5:42:01:07
1610194562,1,c0:98:e5:42:01:07
1610194567,0,c0:98:e5:42:01:07
1610194580,1,c0:98:e5:42:01:07
1610194584,0,c0:98:e5:42:01:07
1610194585,1,c0:98:e5:42:01:07
1610194589,0,c0:98:e5:42:01:07
1610194594,1,c0:98:e5:42:01:07
1610194597,0,c0:98:e5:42:01:07
1610194607,1,c0:98:e5:42:01:07
1610194611,0,c0:98:e5:42:01:07
1610194637,1,c0:98:e5:42:01:07
1610194642,0,c0:98:e5:42:01:07
1610194656,1,c0:98:e5:42:01:07
1610194660,0,c0:98:e5:42:01:07
1610194670,1,c0:98:e5:42:01:07
1610194674,0,c0:98:e5:42:01:07
1610194772,1,c0:98:e5:42:01:07
1610194780,0,c0:98:e5:42:01:07
1610194781,1,c0:98:e5:42:01:07
1610194795,0,c0:98:e5:42:01:07
1610194799,1,c0:98:e5:42:01:07
1610194805,0,c0:98:e5:42:01:07
1610194811,1,c0:98:e5:42:01:07
1610194820,0,c0:98:e5:42:01:07
1610194820,1,c0:98:e5:42:01:07
1610194824,0,c0:98:e5:42:01:07
1610194825,1,c0:98:e5:42:01:07
1610194833,0,c0:98:e5:42:01:07
1610194857,1,c0:98:e5:42:01:07
1610194862,0,c0:98:e5:42:01:07
1610194949,1,c0:98:e5:42:01:07
1610194954,0,c0:98:e5:42:01:07
1610194962,1,c0:98:e5:42:01:07
1610194964,0,c0:98:e5:42:01:07
1610194978,1,c0:98:e5:42:01:07
1610194982,0,c0:98:e5:42:01:07
1610195183,1,c0:98:e5:42:01:07
1610195190,0,c0:98:e5:42:01:07
1610195197,1,c0:98:e5:42:01:07
1610195202,0,c0:98:e5:42:01:07
1610195203,1,c0:98:e5:42:01:07
1610195206,0,c0:98:e5:42:01:07
1610195218,1,c0:98:e5:42:01:07
1610195221,0,c0:98:e5:42:01:07
1610195223,1,c0:98:e5:42:01:07
1610195228,0,c0:98:e5:42:01:07
1610195228,1,c0:98:e5:42:01:07
1610195235,0,c0:98:e5:42:01:07
1610195267,1,c0:98:e5:42:01:07
1610195277,0,c0:98:e5:42:01:07
1610195279,1,c0:98:e5:42:01:07
1610195297,0,c0:98:e5:42:01:07
1610195301,1,c0:98:e5:42:01:07
1610195304,0,c0:98:e5:42:01:07
1610195305,1,c0:98:e5:42:01:07
1610195309,0,c0:98:e5:42:01:07
1610195319,1,c0:98:e5:42:01:07
1610195322,0,c0:98:e5:42:01:07
1610195356,1,c0:98:e5:42:01:07
1610195362,0,c0:98:e5:42:01:07
1610195366,1,c0:98:e5:42:01:07
1610195374,1,c0:98:e5:42:01:07
1610195374,0,c0:98:e5:42:01:07
1610195382,0,c0:98:e5:42:01:07
1610195398,1,c0:98:e5:42:01:07
1610195401,0,c0:98:e5:42:01:07
1610195402,1,c0:98:e5:42:01:07
1610195410,0,c0:98:e5:42:01:07
1610195446,1,c0:98:e5:42:01:07
1610195449,0,c0:98:e5:42:01:07
1610195474,1,c0:98:e5:42:01:07
1610195479,0,c0:98:e5:42:01:07
1610195519,1,c0:98:e5:42:01:07
1610195523,1,c0:98:e5:42:01:07
1610195523,0,c0:98:e5:42:01:07
1610195528,0,c0:98:e5:42:01:07
1610195528,1,c0:98:e5:42:01:07
1610195535,0,c0:98:e5:42:01:07
1610195634,1,c0:98:e5:42:01:07
1610195639,0,c0:98:e5:42:01:07
1610195648,1,c0:98:e5:42:01:07
1610195652,0,c0:98:e5:42:01:07
1610195658,1,c0:98:e5:42:01:07
1610195662,0,c0:98:e5:42:01:07
1610196191,1,c0:98:e5:42:01:07
1610196195,0,c0:98:e5:42:01:07
1610196337,1,c0:98:e5:42:01:07
1610196341,0,c0:98:e5:42:01:07
1610196343,1,c0:98:e5:42:01:07
1610196346,0,c0:98:e5:42:01:07
1610196371,1,c0:98:e5:42:01:07
1610196374,0,c0:98:e5:42:01:07
1610196388,1,c0:98:e5:42:01:07
1610196395,0,c0:98:e5:42:01:07
1610196399,1,c0:98:e5:42:01:07
1610196402,0,c0:98:e5:42:01:07
1610196411,1,c0:98:e5:42:01:07
1610196415,0,c0:98:e5:42:01:07
1610196431,1,c0:98:e5:42:01:07
1610196435,0,c0:98:e5:42:01:07
1610196453,1,c0:98:e5:42:01:07
1610196461,0,c0:98:e5:42:01:07
1610196476,1,c0:98:e5:42:01:07
1610196479,0,c0:98:e5:42:01:07
1610196506,1,c0:98:e5:42:01:07
1610196509,0,c0:98:e5:42:01:07
1610196511,1,c0:98:e5:42:01:07
1610196514,0,c0:98:e5:42:01:07
1610196655,1,c0:98:e5:42:01:07
1610196658,0,c0:98:e5:42:01:07
1610196752,1,c0:98:e5:42:01:07
1610196756,0,c0:98:e5:42:01:07
1610196805,1,c0:98:e5:42:01:07
1610196808,0,c0:98:e5:42:01:07
1610196815,1,c0:98:e5:42:01:07
1610196819,0,c0:98:e5:42:01:07
1610196856,1,c0:98:e5:42:01:07
1610196862,0,c0:98:e5:42:01:07
1610196863,1,c0:98:e5:42:01:07
1610196869,0,c0:98:e5:42:01:07
1610196871,1,c0:98:e5:42:01:07
1610196877,0,c0:98:e5:42:01:07
1610196884,1,c0:98:e5:42:01:07
1610196891,0,c0:98:e5:42:01:07
1610196892,1,c0:98:e5:42:01:07
1610196898,0,c0:98:e5:42:01:07
1610196899,1,c0:98:e5:42:01:07
1610196905,0,c0:98:e5:42:01:07
1610196907,1,c0:98:e5:42:01:07
1610196915,0,c0:98:e5:42:01:07
1610196916,1,c0:98:e5:42:01:07
1610196925,0,c0:98:e5:42:01:07
1610196927,1,c0:98:e5:42:01:07
1610196933,0,c0:98:e5:42:01:07
1610196940,1,c0:98:e5:42:01:07
1610196943,0,c0:98:e5:42:01:07
1610196943,1,c0:98:e5:42:01:07
1610196950,0,c0:98:e5:42:01:07
1610196951,1,c0:98:e5:42:01:07
1610196960,0,c0:98:e5:42:01:07
1610196961,1,c0:98:e5:42:01:07
1610196972,0,c0:98:e5:42:01:07
1610196973,1,c0:98:e5:42:01:07
1610196984,0,c0:98:e5:42:01:07
1610196985,1,c0:98:e5:42:01:07
1610196998,1,c0:98:e5:42:01:07
1610196998,0,c0:98:e5:42:01:07
1610197020,0,c0:98:e5:42:01:07
1610197020,1,c0:98:e5:42:01:07
1610197037,0,c0:98:e5:42:01:07
1610197037,1,c0:98:e5:42:01:07
1610197054,0,c0:98:e5:42:01:07
1610197054,1,c0:98:e5:42:01:07
1610197071,0,c0:98:e5:42:01:07
1610197072,1,c0:98:e5:42:01:07
1610197097,0,c0:98:e5:42:01:07
1610197098,1,c0:98:e5:42:01:07
1610197112,1,c0:98:e5:42:01:07
1610197112,0,c0:98:e5:42:01:07
1610197122,0,c0:98:e5:42:01:07
1610197123,1,c0:98:e5:42:01:07
1610197142,0,c0:98:e5:42:01:07
1610197142,1,c0:98:e5:42:01:07
1610197164,0,c0:98:e5:42:01:07
1610197210,1,c0:98:e5:42:01:07
1610197217,0,c0:98:e5:42:01:07
1610197234,1,c0:98:e5:42:01:07
1610197237,0,c0:98:e5:42:01:07
1610197262,1,c0:98:e5:42:01:07
1610197268,1,c0:98:e5:42:01:07
1610197268,0,c0:98:e5:42:01:07
1610197273,0,c0:98:e5:42:01:07
1610197275,1,c0:98:e5:42:01:07
1610197278,0,c0:98:e5:42:01:07
1610197281,1,c0:98:e5:42:01:07
1610197285,0,c0:98:e5:42:01:07
1610197286,1,c0:98:e5:42:01:07
1610197290,0,c0:98:e5:42:01:07
1610197300,1,c0:98:e5:42:01:07
1610197305,0,c0:98:e5:42:01:07
1610197308,1,c0:98:e5:42:01:07
1610197309,0,c0:98:e5:42:01:07
1610197312,1,c0:98:e5:42:01:07
1610197316,0,c0:98:e5:42:01:07
1610197319,1,c0:98:e5:42:01:07
1610197321,0,c0:98:e5:42:01:07
1610197335,1,c0:98:e5:42:01:07
1610197339,0,c0:98:e5:42:01:07
1610197345,1,c0:98:e5:42:01:07
1610197349,0,c0:98:e5:42:01:07
1610197351,1,c0:98:e5:42:01:07
1610197357,0,c0:98:e5:42:01:07
1610197382,1,c0:98:e5:42:01:07
1610197385,0,c0:98:e5:42:01:07
1610197403,1,c0:98:e5:42:01:07
1610197409,0,c0:98:e5:42:01:07
1610197736,1,c0:98:e5:42:01:07
1610197740,0,c0:98:e5:42:01:07
1610197806,1,c0:98:e5:42:01:07
1610197809,0,c0:98:e5:42:01:07
1610197844,1,c0:98:e5:42:01:07
1610197847,0,c0:98:e5:42:01:07
1610197862,1,c0:98:e5:42:01:07
1610197866,0,c0:98:e5:42:01:07
1610197867,1,c0:98:e5:42:01:07
1610197871,0,c0:98:e5:42:01:07
1610197901,1,c0:98:e5:42:01:07
1610197904,0,c0:98:e5:42:01:07
1610197913,1,c0:98:e5:42:01:07
1610197917,0,c0:98:e5:42:01:07
1610197937,1,c0:98:e5:42:01:07
1610197942,0,c0:98:e5:42:01:07
1610197945,1,c0:98:e5:42:01:07
1610197948,0,c0:98:e5:42:01:07
1610197985,1,c0:98:e5:42:01:07
1610197988,0,c0:98:e5:42:01:07
1610198305,1,c0:98:e5:42:01:07
1610198310,0,c0:98:e5:42:01:07
1610198312,1,c0:98:e5:42:01:07
1610198318,0,c0:98:e5:42:01:07
1610198343,1,c0:98:e5:42:01:07
1610198348,0,c0:98:e5:42:01:07
1610198382,1,c0:98:e5:42:01:07
1610198388,0,c0:98:e5:42:01:07
1610198753,1,c0:98:e5:42:01:07
1610198758,0,c0:98:e5:42:01:07
1610198986,1,c0:98:e5:42:01:07
1610198989,0,c0:98:e5:42:01:07
1610199010,1,c0:98:e5:42:01:07
1610199015,0,c0:98:e5:42:01:07
1610199047,1,c0:98:e5:42:01:07
1610199052,0,c0:98:e5:42:01:07
1610199183,1,c0:98:e5:42:01:07
1610199188,0,c0:98:e5:42:01:07
1610199303,1,c0:98:e5:42:01:07
1610199308,0,c0:98:e5:42:01:07
1610199316,1,c0:98:e5:42:01:07
1610199321,0,c0:98:e5:42:01:07
1610199324,1,c0:98:e5:42:01:07
1610199331,0,c0:98:e5:42:01:07
1610199334,1,c0:98:e5:42:01:07
1610199339,0,c0:98:e5:42:01:07
1610199372,1,c0:98:e5:42:01:07
1610199379,0,c0:98:e5:42:01:07
1610199396,1,c0:98:e5:42:01:07
1610199400,0,c0:98:e5:42:01:07
1610199468,1,c0:98:e5:42:01:07
1610199472,0,c0:98:e5:42:01:07
1610199476,1,c0:98:e5:42:01:07
1610199479,0,c0:98:e5:42:01:07
1610199667,1,c0:98:e5:42:01:07
1610199675,0,c0:98:e5:42:01:07
1610199681,1,c0:98:e5:42:01:07
1610199683,0,c0:98:e5:42:01:07
1610199683,1,c0:98:e5:42:01:07
1610199688,0,c0:98:e5:42:01:07
1610199706,1,c0:98:e5:42:01:07
1610199711,0,c0:98:e5:42:01:07
1610199833,1,c0:98:e5:42:01:07
1610199836,0,c0:98:e5:42:01:07
1610199838,1,c0:98:e5:42:01:07
1610199846,0,c0:98:e5:42:01:07
1610199879,1,c0:98:e5:42:01:07
1610199887,0,c0:98:e5:42:01:07
1610199888,1,c0:98:e5:42:01:07
1610199913,0,c0:98:e5:42:01:07
1610199914,1,c0:98:e5:42:01:07
1610199921,0,c0:98:e5:42:01:07
1610199921,1,c0:98:e5:42:01:07
1610199926,0,c0:98:e5:42:01:07
1610199930,1,c0:98:e5:42:01:07
1610199936,0,c0:98:e5:42:01:07
1610199953,1,c0:98:e5:42:01:07
1610199961,0,c0:98:e5:42:01:07
1610199977,1,c0:98:e5:42:01:07
1610200005,1,c0:98:e5:42:01:07
1610200005,0,c0:98:e5:42:01:07
1610200017,0,c0:98:e5:42:01:07
1610200018,1,c0:98:e5:42:01:07
1610200025,0,c0:98:e5:42:01:07
1610200026,1,c0:98:e5:42:01:07
1610200034,0,c0:98:e5:42:01:07
1610200048,1,c0:98:e5:42:01:07
1610200052,0,c0:98:e5:42:01:07
1610200121,1,c0:98:e5:42:01:07
1610200125,0,c0:98:e5:42:01:07
1610200158,1,c0:98:e5:42:01:07
1610200165,0,c0:98:e5:42:01:07
1610200249,1,c0:98:e5:42:01:07
1610200253,0,c0:98:e5:42:01:07
1610200456,1,c0:98:e5:42:01:07
1610200459,0,c0:98:e5:42:01:07
1610200669,1,c0:98:e5:42:01:07
1610200678,0,c0:98:e5:42:01:07
1610201487,1,c0:98:e5:42:01:07
1610201493,0,c0:98:e5:42:01:07
1610201589,1,c0:98:e5:42:01:07
1610201593,0,c0:98:e5:42:01:07
1610201785,1,c0:98:e5:42:01:07
1610201789,0,c0:98:e5:42:01:07
1610201941,1,c0:98:e5:42:01:07
1610201945,0,c0:98:e5:42:01:07
1610201952,1,c0:98:e5:42:01:07
1610201963,0,c0:98:e5:42:01:07
1610201971,1,c0:98:e5:42:01:07
1610201983,0,c0:98:e5:42:01:07
1610201983,1,c0:98:e5:42:01:07
1610201995,0,c0:98:e5:42:01:07
1610201995,1,c0:98:e5:42:01:07
1610202022,0,c0:98:e5:42:01:07
1610202024,1,c0:98:e5:42:01:07
1610202030,1,c0:98:e5:42:01:07
1610202030,0,c0:98:e5:42:01:07
1610202044,0,c0:98:e5:42:01:07
1610202045,1,c0:98:e5:42:01:07
1610202061,0,c0:98:e5:42:01:07
1610202062,1,c0:98:e5:42:01:07
1610202066,0,c0:98:e5:42:01:07
1610202067,1,c0:98:e5:42:01:07
1610202076,0,c0:98:e5:42:01:07
1610202083,1,c0:98:e5:42:01:07
1610202086,0,c0:98:e5:42:01:07
1610202087,1,c0:98:e5:42:01:07
1610202091,0,c0:98:e5:42:01:07
1610202307,1,c0:98:e5:42:01:07
1610202312,0,c0:98:e5:42:01:07
1610202359,1,c0:98:e5:42:01:07
1610202367,0,c0:98:e5:42:01:07
1610202372,1,c0:98:e5:42:01:07
1610202377,0,c0:98:e5:42:01:07
1610202377,1,c0:98:e5:42:01:07
1610202380,0,c0:98:e5:42:01:07
1610202382,1,c0:98:e5:42:01:07
1610202385,0,c0:98:e5:42:01:07
1610202393,1,c0:98:e5:42:01:07
1610202395,0,c0:98:e5:42:01:07
1610202401,1,c0:98:e5:42:01:07
1610202407,0,c0:98:e5:42:01:07
1610202424,1,c0:98:e5:42:01:07
1610202427,0,c0:98:e5:42:01:07
1610202434,1,c0:98:e5:42:01:07
1610202439,0,c0:98:e5:42:01:07
1610202439,1,c0:98:e5:42:01:07
1610202454,0,c0:98:e5:42:01:07
1610202504,1,c0:98:e5:42:01:07
1610202507,0,c0:98:e5:42:01:07
1610202521,1,c0:98:e5:42:01:07
1610202528,0,c0:98:e5:42:01:07
1610202528,1,c0:98:e5:42:01:07
1610202579,0,c0:98:e5:42:01:07
1610202581,1,c0:98:e5:42:01:07
1610202614,0,c0:98:e5:42:01:07
1610202614,1,c0:98:e5:42:01:07
1610202628,0,c0:98:e5:42:01:07
1610202708,1,c0:98:e5:42:01:07
1610202713,0,c0:98:e5:42:01:07
1610202718,1,c0:98:e5:42:01:07
1610202722,0,c0:98:e5:42:01:07
1610202740,1,c0:98:e5:42:01:07
1610202745,0,c0:98:e5:42:01:07
1610202946,1,c0:98:e5:42:01:07
1610202958,0,c0:98:e5:42:01:07
1610203017,1,c0:98:e5:42:01:07
1610203020,0,c0:98:e5:42:01:07
1610203028,1,c0:98:e5:42:01:07
1610203035,0,c0:98:e5:42:01:07
1610203050,1,c0:98:e5:42:01:07
1610203053,0,c0:98:e5:42:01:07
1610203058,1,c0:98:e5:42:01:07
1610203060,0,c0:98:e5:42:01:07
1610203063,1,c0:98:e5:42:01:07
1610203068,0,c0:98:e5:42:01:07
1610203149,1,c0:98:e5:42:01:07
1610203157,0,c0:98:e5:42:01:07
1610203158,1,c0:98:e5:42:01:07
1610203162,0,c0:98:e5:42:01:07
1610203165,1,c0:98:e5:42:01:07
1610203172,0,c0:98:e5:42:01:07
1610203175,1,c0:98:e5:42:01:07
1610203185,0,c0:98:e5:42:01:07
1610203185,1,c0:98:e5:42:01:07
1610203189,0,c0:98:e5:42:01:07
1610203191,1,c0:98:e5:42:01:07
1610203194,0,c0:98:e5:42:01:07
1610203195,1,c0:98:e5:42:01:07
1610203199,0,c0:98:e5:42:01:07
1610203200,1,c0:98:e5:42:01:07
1610203207,0,c0:98:e5:42:01:07
1610203208,1,c0:98:e5:42:01:07
1610203217,0,c0:98:e5:42:01:07
1610203218,1,c0:98:e5:42:01:07
1610203222,0,c0:98:e5:42:01:07
1610203223,1,c0:98:e5:42:01:07
1610203232,0,c0:98:e5:42:01:07
1610203234,1,c0:98:e5:42:01:07
1610203236,0,c0:98:e5:42:01:07
1610203240,1,c0:98:e5:42:01:07
1610203246,0,c0:98:e5:42:01:07
1610203249,1,c0:98:e5:42:01:07
1610203251,0,c0:98:e5:42:01:07
1610203255,1,c0:98:e5:42:01:07
1610203261,0,c0:98:e5:42:01:07
1610203264,1,c0:98:e5:42:01:07
1610203274,0,c0:98:e5:42:01:07
1610203274,1,c0:98:e5:42:01:07
1610203277,0,c0:98:e5:42:01:07
1610203278,1,c0:98:e5:42:01:07
1610203290,0,c0:98:e5:42:01:07
1610203291,1,c0:98:e5:42:01:07
1610203295,0,c0:98:e5:42:01:07
1610203297,1,c0:98:e5:42:01:07
1610203312,0,c0:98:e5:42:01:07
1610203313,1,c0:98:e5:42:01:07
1610203317,0,c0:98:e5:42:01:07
1610203317,1,c0:98:e5:42:01:07
1610203329,0,c0:98:e5:42:01:07
1610203329,1,c0:98:e5:42:01:07
1610203334,0,c0:98:e5:42:01:07
1610203338,1,c0:98:e5:42:01:07
1610203366,0,c0:98:e5:42:01:07
1610203369,1,c0:98:e5:42:01:07
1610203372,0,c0:98:e5:42:01:07
1610203380,1,c0:98:e5:42:01:07
1610203386,0,c0:98:e5:42:01:07
1610203388,1,c0:98:e5:42:01:07
1610203391,0,c0:98:e5:42:01:07
1610203392,1,c0:98:e5:42:01:07
1610203398,0,c0:98:e5:42:01:07
1610203404,1,c0:98:e5:42:01:07
1610203411,0,c0:98:e5:42:01:07
1610203412,1,c0:98:e5:42:01:07
1610203426,0,c0:98:e5:42:01:07
1610203429,1,c0:98:e5:42:01:07
1610203433,0,c0:98:e5:42:01:07
1610203436,1,c0:98:e5:42:01:07
1610203438,0,c0:98:e5:42:01:07
1610203441,1,c0:98:e5:42:01:07
1610203451,0,c0:98:e5:42:01:07
1610203452,1,c0:98:e5:42:01:07
1610203456,1,c0:98:e5:42:01:07
1610203456,0,c0:98:e5:42:01:07
1610203468,0,c0:98:e5:42:01:07
1610203469,1,c0:98:e5:42:01:07
1610203473,0,c0:98:e5:42:01:07
1610203476,1,c0:98:e5:42:01:07
1610203483,0,c0:98:e5:42:01:07
1610203483,1,c0:98:e5:42:01:07
1610203488,0,c0:98:e5:42:01:07
1610203490,1,c0:98:e5:42:01:07
1610203493,0,c0:98:e5:42:01:07
1610203496,1,c0:98:e5:42:01:07
1610203504,0,c0:98:e5:42:01:07
1610203506,1,c0:98:e5:42:01:07
1610203511,0,c0:98:e5:42:01:07
1610203513,1,c0:98:e5:42:01:07
1610203516,0,c0:98:e5:42:01:07
1610203524,1,c0:98:e5:42:01:07
1610203529,0,c0:98:e5:42:01:07
1610203535,1,c0:98:e5:42:01:07
1610203539,0,c0:98:e5:42:01:07
1610203581,1,c0:98:e5:42:01:07
1610203585,0,c0:98:e5:42:01:07
1610203591,1,c0:98:e5:42:01:07
1610203595,0,c0:98:e5:42:01:07
1610203596,1,c0:98:e5:42:01:07
1610203600,0,c0:98:e5:42:01:07
1610203602,1,c0:98:e5:42:01:07
1610203605,0,c0:98:e5:42:01:07
1610203608,1,c0:98:e5:42:01:07
1610203615,0,c0:98:e5:42:01:07
1610203620,1,c0:98:e5:42:01:07
1610203623,0,c0:98:e5:42:01:07
1610203625,1,c0:98:e5:42:01:07
1610203628,0,c0:98:e5:42:01:07
1610203633,1,c0:98:e5:42:01:07
1610203640,0,c0:98:e5:42:01:07
1610203642,1,c0:98:e5:42:01:07
1610203645,0,c0:98:e5:42:01:07
1610203669,1,c0:98:e5:42:01:07
1610203673,0,c0:98:e5:42:01:07
1610203786,1,c0:98:e5:42:01:07
1610203789,0,c0:98:e5:42:01:07
1610203873,1,c0:98:e5:42:01:07
1610203878,0,c0:98:e5:42:01:07
1610204093,1,c0:98:e5:42:01:07
1610204097,0,c0:98:e5:42:01:07
1610204120,1,c0:98:e5:42:01:07
1610204125,0,c0:98:e5:42:01:07
1610204137,1,c0:98:e5:42:01:07
1610204140,0,c0:98:e5:42:01:07
1610204690,1,c0:98:e5:42:01:07
1610204693,0,c0:98:e5:42:01:07
1610205131,1,c0:98:e5:42:01:07
1610205134,0,c0:98:e5:42:01:07
1610205144,1,c0:98:e5:42:01:07
1610205147,0,c0:98:e5:42:01:07
1610205154,1,c0:98:e5:42:01:07
1610205157,0,c0:98:e5:42:01:07
1610205159,1,c0:98:e5:42:01:07
1610205162,0,c0:98:e5:42:01:07
1610205190,1,c0:98:e5:42:01:07
1610205193,0,c0:98:e5:42:01:07
1610205207,1,c0:98:e5:42:01:07
1610205211,0,c0:98:e5:42:01:07
1610205214,1,c0:98:e5:42:01:07
1610205218,0,c0:98:e5:42:01:07
1610205271,1,c0:98:e5:42:01:07
1610205274,0,c0:98:e5:42:01:07
1610205276,1,c0:98:e5:42:01:07
1610205279,0,c0:98:e5:42:01:07
1610205328,1,c0:98:e5:42:01:07
1610205336,0,c0:98:e5:42:01:07
1610205339,1,c0:98:e5:42:01:07
1610205348,0,c0:98:e5:42:01:07
1610205348,1,c0:98:e5:42:01:07
1610205355,0,c0:98:e5:42:01:07
1610205357,1,c0:98:e5:42:01:07
1610205363,0,c0:98:e5:42:01:07
1610205368,1,c0:98:e5:42:01:07
1610205375,0,c0:98:e5:42:01:07
1610205377,1,c0:98:e5:42:01:07
1610205380,0,c0:98:e5:42:01:07
1610205381,1,c0:98:e5:42:01:07
1610205385,0,c0:98:e5:42:01:07
1610205398,1,c0:98:e5:42:01:07
1610205406,0,c0:98:e5:42:01:07
1610205406,1,c0:98:e5:42:01:07
1610205413,0,c0:98:e5:42:01:07
1610205415,1,c0:98:e5:42:01:07
1610205418,0,c0:98:e5:42:01:07
1610205419,1,c0:98:e5:42:01:07
1610205428,0,c0:98:e5:42:01:07
1610205428,1,c0:98:e5:42:01:07
1610205435,0,c0:98:e5:42:01:07
1610205436,1,c0:98:e5:42:01:07
1610205443,0,c0:98:e5:42:01:07
1610205444,1,c0:98:e5:42:01:07
1610205448,0,c0:98:e5:42:01:07
1610205448,1,c0:98:e5:42:01:07
1610205453,0,c0:98:e5:42:01:07
1610205460,1,c0:98:e5:42:01:07
1610205463,0,c0:98:e5:42:01:07
1610205494,1,c0:98:e5:42:01:07
1610205499,0,c0:98:e5:42:01:07
1610205516,1,c0:98:e5:42:01:07
1610205519,0,c0:98:e5:42:01:07
1610205531,1,c0:98:e5:42:01:07
1610205535,0,c0:98:e5:42:01:07
1610205537,1,c0:98:e5:42:01:07
1610205552,0,c0:98:e5:42:01:07
1610205556,1,c0:98:e5:42:01:07
1610205559,0,c0:98:e5:42:01:07
1610205573,1,c0:98:e5:42:01:07
1610205577,0,c0:98:e5:42:01:07
1610205583,1,c0:98:e5:42:01:07
1610205587,0,c0:98:e5:42:01:07
1610205599,1,c0:98:e5:42:01:07
1610205605,0,c0:98:e5:42:01:07
1610205605,1,c0:98:e5:42:01:07
1610205612,0,c0:98:e5:42:01:07
1610205613,1,c0:98:e5:42:01:07
1610205617,0,c0:98:e5:42:01:07
1610205618,1,c0:98:e5:42:01:07
1610205625,0,c0:98:e5:42:01:07
1610205626,1,c0:98:e5:42:01:07
1610205630,0,c0:98:e5:42:01:07
1610205633,1,c0:98:e5:42:01:07
1610205637,0,c0:98:e5:42:01:07
1610205639,1,c0:98:e5:42:01:07
1610205642,0,c0:98:e5:42:01:07
1610205643,1,c0:98:e5:42:01:07
1610205647,0,c0:98:e5:42:01:07
1610205649,1,c0:98:e5:42:01:07
1610205658,0,c0:98:e5:42:01:07
1610205659,1,c0:98:e5:42:01:07
1610205663,0,c0:98:e5:42:01:07
1610205664,1,c0:98:e5:42:01:07
1610205670,0,c0:98:e5:42:01:07
1610205672,1,c0:98:e5:42:01:07
1610205675,0,c0:98:e5:42:01:07
1610205676,1,c0:98:e5:42:01:07
1610205680,0,c0:98:e5:42:01:07
1610205683,1,c0:98:e5:42:01:07
1610205685,0,c0:98:e5:42:01:07
1610205693,1,c0:98:e5:42:01:07
1610205695,0,c0:98:e5:42:01:07
1610205699,1,c0:98:e5:42:01:07
1610205703,0,c0:98:e5:42:01:07
1610205707,1,c0:98:e5:42:01:07
1610205711,0,c0:98:e5:42:01:07
1610205713,1,c0:98:e5:42:01:07
1610205716,0,c0:98:e5:42:01:07
1610205717,1,c0:98:e5:42:01:07
1610205721,0,c0:98:e5:42:01:07
1610205727,1,c0:98:e5:42:01:07
1610205733,0,c0:98:e5:42:01:07
1610205734,1,c0:98:e5:42:01:07
1610205738,0,c0:98:e5:42:01:07
1610205738,1,c0:98:e5:42:01:07
1610205743,0,c0:98:e5:42:01:07
1610205745,1,c0:98:e5:42:01:07
1610205748,0,c0:98:e5:42:01:07
1610205748,1,c0:98:e5:42:01:07
1610205753,0,c0:98:e5:42:01:07
1610205756,1,c0:98:e5:42:01:07
1610205760,0,c0:98:e5:42:01:07
1610205775,1,c0:98:e5:42:01:07
1610205781,0,c0:98:e5:42:01:07
1610205783,1,c0:98:e5:42:01:07
1610205786,0,c0:98:e5:42:01:07
1610205790,1,c0:98:e5:42:01:07
1610205794,0,c0:98:e5:42:01:07
1610205796,1,c0:98:e5:42:01:07
1610205799,0,c0:98:e5:42:01:07
1610205800,1,c0:98:e5:42:01:07
1610205804,0,c0:98:e5:42:01:07
1610205805,1,c0:98:e5:42:01:07
1610205809,0,c0:98:e5:42:01:07
1610205811,1,c0:98:e5:42:01:07
1610205814,0,c0:98:e5:42:01:07
1610205818,1,c0:98:e5:42:01:07
1610205821,0,c0:98:e5:42:01:07
1610205825,1,c0:98:e5:42:01:07
1610205831,0,c0:98:e5:42:01:07
1610205832,1,c0:98:e5:42:01:07
1610205839,0,c0:98:e5:42:01:07
1610205839,1,c0:98:e5:42:01:07
1610205846,0,c0:98:e5:42:01:07
1610205847,1,c0:98:e5:42:01:07
1610205854,1,c0:98:e5:42:01:07
1610205854,0,c0:98:e5:42:01:07
1610205864,0,c0:98:e5:42:01:07
1610205864,1,c0:98:e5:42:01:07
1610205876,0,c0:98:e5:42:01:07
1610205881,1,c0:98:e5:42:01:07
1610205888,0,c0:98:e5:42:01:07
1610206024,1,c0:98:e5:42:01:07
1610206028,0,c0:98:e5:42:01:07
1610206043,1,c0:98:e5:42:01:07
1610206046,0,c0:98:e5:42:01:07
1610206094,1,c0:98:e5:42:01:07
1610206102,0,c0:98:e5:42:01:07
1610206896,1,c0:98:e5:42:01:07
1610206898,0,c0:98:e5:42:01:07
1610206914,1,c0:98:e5:42:01:07
1610206918,0,c0:98:e5:42:01:07
1610206961,1,c0:98:e5:42:01:07
1610206969,0,c0:98:e5:42:01:07
1610207009,1,c0:98:e5:42:01:07
1610207013,0,c0:98:e5:42:01:07
1610207023,1,c0:98:e5:42:01:07
1610207029,0,c0:98:e5:42:01:07
1610207043,1,c0:98:e5:42:01:07
1610207047,0,c0:98:e5:42:01:07
1610207054,1,c0:98:e5:42:01:07
1610207057,0,c0:98:e5:42:01:07
1610207061,1,c0:98:e5:42:01:07
1610207066,0,c0:98:e5:42:01:07
1610207066,1,c0:98:e5:42:01:07
1610207071,0,c0:98:e5:42:01:07
1610207198,1,c0:98:e5:42:01:07
1610207202,0,c0:98:e5:42:01:07
1610207208,1,c0:98:e5:42:01:07
1610207220,0,c0:98:e5:42:01:07
1610207360,1,c0:98:e5:42:01:07
1610207364,0,c0:98:e5:42:01:07
1610207473,1,c0:98:e5:42:01:07
1610207477,0,c0:98:e5:42:01:07
1610207490,1,c0:98:e5:42:01:07
1610207495,0,c0:98:e5:42:01:07
1610207497,1,c0:98:e5:42:01:07
1610207502,0,c0:98:e5:42:01:07
1610207507,1,c0:98:e5:42:01:07
1610207510,0,c0:98:e5:42:01:07
1610207521,1,c0:98:e5:42:01:07
1610207532,0,c0:98:e5:42:01:07
1610207536,1,c0:98:e5:42:01:07
1610207547,0,c0:98:e5:42:01:07
1610207583,1,c0:98:e5:42:01:07
1610207586,0,c0:98:e5:42:01:07
1610207590,1,c0:98:e5:42:01:07
1610207604,0,c0:98:e5:42:01:07
1610207606,1,c0:98:e5:42:01:07
1610207609,0,c0:98:e5:42:01:07
1610207615,1,c0:98:e5:42:01:07
1610207619,0,c0:98:e5:42:01:07
1610207647,1,c0:98:e5:42:01:07
1610207650,0,c0:98:e5:42:01:07
1610207657,1,c0:98:e5:42:01:07
1610207660,0,c0:98:e5:42:01:07
1610207661,1,c0:98:e5:42:01:07
1610207667,0,c0:98:e5:42:01:07
1610207720,1,c0:98:e5:42:01:07
1610207724,0,c0:98:e5:42:01:07
1610208077,1,c0:98:e5:42:01:07
1610208087,0,c0:98:e5:42:01:07
1610208265,1,c0:98:e5:42:01:07
1610208269,0,c0:98:e5:42:01:07
1610209262,1,c0:98:e5:42:01:07
1610209266,0,c0:98:e5:42:01:07
1610209298,1,c0:98:e5:42:01:07
1610209307,0,c0:98:e5:42:01:07
1610209324,1,c0:98:e5:42:01:07
1610209329,0,c0:98:e5:42:01:07
1610209352,1,c0:98:e5:42:01:07
1610209355,0,c0:98:e5:42:01:07
1610209491,1,c0:98:e5:42:01:07
1610209500,0,c0:98:e5:42:01:07
1610209557,1,c0:98:e5:42:01:07
1610209564,0,c0:98:e5:42:01:07
1610209576,1,c0:98:e5:42:01:07
1610209579,0,c0:98:e5:42:01:07
1610209581,1,c0:98:e5:42:01:07
1610209584,0,c0:98:e5:42:01:07
1610210095,1,c0:98:e5:42:01:07
1610210103,0,c0:98:e5:42:01:07
1610210127,1,c0:98:e5:42:01:07
1610210131,0,c0:98:e5:42:01:07
1610210283,1,c0:98:e5:42:01:07
1610210287,0,c0:98:e5:42:01:07
1610210451,1,c0:98:e5:42:01:07
1610210455,0,c0:98:e5:42:01:07
1610210458,1,c0:98:e5:42:01:07
1610210462,0,c0:98:e5:42:01:07
1610210489,1,c0:98:e5:42:01:07
1610210493,0,c0:98:e5:42:01:07
1610210551,1,c0:98:e5:42:01:07
1610210556,0,c0:98:e5:42:01:07
1610210608,1,c0:98:e5:42:01:07
1610210613,0,c0:98:e5:42:01:07
1610210952,1,c0:98:e5:42:01:07
1610210955,0,c0:98:e5:42:01:07
1610210983,1,c0:98:e5:42:01:07
1610210987,0,c0:98:e5:42:01:07
1610211461,1,c0:98:e5:42:01:07
1610211467,0,c0:98:e5:42:01:07
1610211513,1,c0:98:e5:42:01:07
1610211521,0,c0:98:e5:42:01:07
1610211588,1,c0:98:e5:42:01:07
1610211591,0,c0:98:e5:42:01:07
1610211617,1,c0:98:e5:42:01:07
1610211621,0,c0:98:e5:42:01:07
1610211636,1,c0:98:e5:42:01:07
1610211642,0,c0:98:e5:42:01:07
1610211662,1,c0:98:e5:42:01:07
1610211666,0,c0:98:e5:42:01:07
1610211750,1,c0:98:e5:42:01:07
1610211761,0,c0:98:e5:42:01:07
1610211780,1,c0:98:e5:42:01:07
1610211787,0,c0:98:e5:42:01:07
1610211810,1,c0:98:e5:42:01:07
1610211813,0,c0:98:e5:42:01:07
1610211839,1,c0:98:e5:42:01:07
1610211842,0,c0:98:e5:42:01:07
1610211846,1,c0:98:e5:42:01:07
1610211852,0,c0:98:e5:42:01:07
1610211857,1,c0:98:e5:42:01:07
1610211870,0,c0:98:e5:42:01:07
1610211871,1,c0:98:e5:42:01:07
1610211885,0,c0:98:e5:42:01:07
1610211887,1,c0:98:e5:42:01:07
1610211892,0,c0:98:e5:42:01:07
1610211893,1,c0:98:e5:42:01:07
1610211907,0,c0:98:e5:42:01:07
1610211914,1,c0:98:e5:42:01:07
1610211925,0,c0:98:e5:42:01:07
1610211929,1,c0:98:e5:42:01:07
1610211934,0,c0:98:e5:42:01:07
1610212024,1,c0:98:e5:42:01:07
1610212029,0,c0:98:e5:42:01:07
1610212030,1,c0:98:e5:42:01:07
1610212034,0,c0:98:e5:42:01:07
1610212036,1,c0:98:e5:42:01:07
1610212043,0,c0:98:e5:42:01:07
1610212162,1,c0:98:e5:42:01:07
1610212166,0,c0:98:e5:42:01:07
1610212193,1,c0:98:e5:42:01:07
1610212196,0,c0:98:e5:42:01:07
1610212204,1,c0:98:e5:42:01:07
1610212208,0,c0:98:e5:42:01:07
1610212271,1,c0:98:e5:42:01:07
1610212276,0,c0:98:e5:42:01:07
1610212287,1,c0:98:e5:42:01:07
1610212295,0,c0:98:e5:42:01:07
1610212304,1,c0:98:e5:42:01:07
1610212308,0,c0:98:e5:42:01:07
1610212326,1,c0:98:e5:42:01:07
1610212333,0,c0:98:e5:42:01:07
1610212417,1,c0:98:e5:42:01:07
1610212421,0,c0:98:e5:42:01:07
1610212437,1,c0:98:e5:42:01:07
1610212443,0,c0:98:e5:42:01:07
1610212962,1,c0:98:e5:42:01:07
1610212967,0,c0:98:e5:42:01:07
1610213105,1,c0:98:e5:42:01:07
1610213108,0,c0:98:e5:42:01:07
1610213364,1,c0:98:e5:42:01:07
1610213368,0,c0:98:e5:42:01:07
1610213613,1,c0:98:e5:42:01:07
1610213620,0,c0:98:e5:42:01:07
1610213676,1,c0:98:e5:42:01:07
1610213683,0,c0:98:e5:42:01:07
1610213695,1,c0:98:e5:42:01:07
1610213698,0,c0:98:e5:42:01:07
1610213699,1,c0:98:e5:42:01:07
1610213703,0,c0:98:e5:42:01:07
1610213739,1,c0:98:e5:42:01:07
1610213742,0,c0:98:e5:42:01:07
1610213765,1,c0:98:e5:42:01:07
1610213769,0,c0:98:e5:42:01:07
1610213788,1,c0:98:e5:42:01:07
1610213791,0,c0:98:e5:42:01:07
1610213791,1,c0:98:e5:42:01:07
1610213798,0,c0:98:e5:42:01:07
1610213994,1,c0:98:e5:42:01:07
1610214000,0,c0:98:e5:42:01:07
1610214081,1,c0:98:e5:42:01:07
1610214088,0,c0:98:e5:42:01:07
1610214107,1,c0:98:e5:42:01:07
1610214112,0,c0:98:e5:42:01:07
1610214163,1,c0:98:e5:42:01:07
1610214167,0,c0:98:e5:42:01:07
1610214173,1,c0:98:e5:42:01:07
1610214178,0,c0:98:e5:42:01:07
1610214233,1,c0:98:e5:42:01:07
1610214237,0,c0:98:e5:42:01:07
1610214244,1,c0:98:e5:42:01:07
1610214251,0,c0:98:e5:42:01:07
1610214380,1,c0:98:e5:42:01:07
1610214387,0,c0:98:e5:42:01:07
1610214395,1,c0:98:e5:42:01:07
1610214408,0,c0:98:e5:42:01:07
1610214426,1,c0:98:e5:42:01:07
1610214430,0,c0:98:e5:42:01:07
1610214463,1,c0:98:e5:42:01:07
1610214466,0,c0:98:e5:42:01:07
1610214475,1,c0:98:e5:42:01:07
1610214479,0,c0:98:e5:42:01:07
1610215048,1,c0:98:e5:42:01:07
1610215051,0,c0:98:e5:42:01:07
1610215088,1,c0:98:e5:42:01:07
1610215092,0,c0:98:e5:42:01:07
1610215189,1,c0:98:e5:42:01:07
1610215194,0,c0:98:e5:42:01:07
1610215554,1,c0:98:e5:42:01:07
1610215557,0,c0:98:e5:42:01:07
1610215775,1,c0:98:e5:42:01:07
1610215780,0,c0:98:e5:42:01:07
1610216051,1,c0:98:e5:42:01:07
1610216054,0,c0:98:e5:42:01:07
1610216080,1,c0:98:e5:42:01:07
1610216087,0,c0:98:e5:42:01:07
1610216092,1,c0:98:e5:42:01:07
1610216101,0,c0:98:e5:42:01:07
1610216111,1,c0:98:e5:42:01:07
1610216113,0,c0:98:e5:42:01:07
1610216148,1,c0:98:e5:42:01:07
1610216160,0,c0:98:e5:42:01:07
1610216289,1,c0:98:e5:42:01:07
1610216295,0,c0:98:e5:42:01:07
1610216322,1,c0:98:e5:42:01:07
1610216329,0,c0:98:e5:42:01:07
1610216487,1,c0:98:e5:42:01:07
1610216493,0,c0:98:e5:42:01:07
1610216591,1,c0:98:e5:42:01:07
1610216595,0,c0:98:e5:42:01:07
1610216598,1,c0:98:e5:42:01:07
1610216607,0,c0:98:e5:42:01:07
1610216616,1,c0:98:e5:42:01:07
1610216619,0,c0:98:e5:42:01:07
1610216946,1,c0:98:e5:42:01:07
1610216950,0,c0:98:e5:42:01:07
1610216986,1,c0:98:e5:42:01:07
1610216991,0,c0:98:e5:42:01:07
1610216996,1,c0:98:e5:42:01:07
1610217000,0,c0:98:e5:42:01:07
1610217189,1,c0:98:e5:42:01:07
1610217194,0,c0:98:e5:42:01:07
1610217230,1,c0:98:e5:42:01:07
1610217236,0,c0:98:e5:42:01:07
1610217249,1,c0:98:e5:42:01:07
1610217253,0,c0:98:e5:42:01:07
1610217255,1,c0:98:e5:42:01:07
1610217261,0,c0:98:e5:42:01:07
1610217340,1,c0:98:e5:42:01:07
1610217343,0,c0:98:e5:42:01:07
1610217357,1,c0:98:e5:42:01:07
1610217361,0,c0:98:e5:42:01:07
1610217403,1,c0:98:e5:42:01:07
1610217406,0,c0:98:e5:42:01:07
1610217408,1,c0:98:e5:42:01:07
